user_id,signup_date,city_tier,segment,preferred_device
U000001,2025-07-16,1,premium,mobile
U000002,2025-12-29,3,regular,mobile
U000003,2025-11-26,3,value,mobile
U000004,2025-09-01,2,value,mobile
U000005,2025-10-06,1,regular,web
U000006,2025-11-09,1,value,web
U000007,2025-06-28,2,value,web
U000008,2025-10-06,2,premium,mobile
U000009,2025-11-24,2,value,mobile
U000010,2025-08-01,1,premium,mobile
U000011,2025-09-24,2,regular,web
U000012,2025-10-13,3,regular,web
U000013,2025-11-24,2,regular,mobile
U000014,2026-01-11,2,value,mobile
U000015,2025-12-18,1,regular,web
U000016,2025-10-31,2,value,web
U000017,2025-10-24,2,premium,web
U000018,2025-10-28,3,value,web
U000019,2025-10-15,3,value,web
U000020,2025-07-05,3,regular,web
U000021,2025-11-17,3,regular,mobile
U000022,2025-11-20,3,regular,web
U000023,2025-10-09,3,regular,web
U000024,2025-12-23,1,value,web
U000025,2025-11-11,1,regular,mobile
U000026,2025-09-07,2,value,web
U000027,2025-06-27,2,value,web
U000028,2025-07-05,1,value,web
U000029,2025-09-05,3,value,mobile
U000030,2025-09-28,2,value,mobile
U000031,2025-07-28,2,regular,web
U000032,2025-08-02,1,value,web
U000033,2025-08-10,2,value,web
U000034,2025-12-04,1,regular,mobile
U000035,2025-12-02,3,value,mobile
U000036,2025-09-11,2,regular,web
U000037,2025-07-29,3,premium,web
U000038,2025-07-16,2,regular,mobile
U000039,2025-07-11,2,premium,mobile
U000040,2025-09-13,2,value,web
U000041,2025-07-03,3,value,web
U000042,2025-09-01,3,regular,web
U000043,2026-01-11,1,regular,mobile
U000044,2025-10-08,3,regular,mobile
U000045,2025-12-13,1,value,mobile
U000046,2025-07-20,3,regular,mobile
U000047,2025-08-18,1,regular,web
U000048,2026-01-08,2,value,web
U000049,2025-09-11,3,value,web
U000050,2025-11-06,1,premium,mobile
U000051,2026-01-14,2,value,mobile
U000052,2025-10-17,2,regular,web
U000053,2025-08-26,1,regular,web
U000054,2025-10-13,3,regular,mobile
U000055,2025-07-04,3,regular,mobile
U000056,2025-07-17,3,premium,mobile
U000057,2025-06-24,2,value,web
U000058,2025-12-26,2,value,mobile
U000059,2025-11-11,1,regular,mobile
U000060,2025-08-25,1,regular,mobile
U000061,2025-08-08,1,value,mobile
U000062,2025-11-13,3,value,mobile
U000063,2026-01-02,3,value,mobile
U000064,2025-08-25,3,value,mobile
U000065,2025-08-29,2,value,web
U000066,2025-12-19,2,premium,web
U000067,2025-12-28,2,value,mobile
U000068,2026-01-01,2,premium,mobile
U000069,2025-08-24,2,premium,web
U000070,2025-07-18,1,value,web
U000071,2025-09-23,1,regular,mobile
U000072,2025-08-24,3,regular,mobile
U000073,2025-12-26,2,regular,mobile
U000074,2025-07-01,3,value,web
U000075,2025-11-03,1,value,mobile
U000076,2025-12-30,2,value,mobile
U000077,2026-01-14,1,regular,web
U000078,2025-11-06,2,premium,web
U000079,2026-01-08,1,regular,mobile
U000080,2025-07-09,1,regular,web
U000081,2025-09-06,3,premium,mobile
U000082,2025-06-25,2,regular,mobile
U000083,2026-01-15,2,value,mobile
U000084,2025-12-30,2,premium,web
U000085,2025-06-29,2,regular,mobile
U000086,2025-06-27,2,value,web
U000087,2025-09-08,1,regular,mobile
U000088,2025-08-16,3,premium,web
U000089,2025-12-18,3,value,mobile
U000090,2025-07-27,3,regular,mobile
U000091,2025-12-06,2,value,web
U000092,2025-10-17,1,value,web
U000093,2025-09-10,3,value,mobile
U000094,2025-07-24,2,regular,web
U000095,2026-01-18,1,premium,web
U000096,2025-10-31,2,value,web
U000097,2025-09-23,3,value,mobile
U000098,2025-09-09,2,value,mobile
U000099,2025-12-30,3,value,web
U000100,2025-12-12,3,regular,mobile
U000101,2025-12-10,1,regular,web
U000102,2025-10-30,3,regular,web
U000103,2025-12-26,2,regular,web
U000104,2025-08-25,2,regular,web
U000105,2025-11-18,1,value,web
U000106,2025-09-16,3,value,mobile
U000107,2025-10-27,2,premium,web
U000108,2026-01-19,1,regular,mobile
U000109,2026-01-16,2,premium,web
U000110,2025-10-09,1,premium,web
U000111,2025-10-21,1,regular,web
U000112,2025-12-28,2,premium,mobile
U000113,2026-01-16,2,regular,mobile
U000114,2025-12-03,3,value,web
U000115,2025-07-07,2,value,web
U000116,2025-08-30,3,value,web
U000117,2025-12-28,2,value,mobile
U000118,2025-12-01,2,regular,web
U000119,2025-11-26,2,regular,mobile
U000120,2025-11-10,2,regular,web
U000121,2025-09-18,3,regular,web
U000122,2025-09-16,2,value,mobile
U000123,2025-12-10,1,regular,web
U000124,2025-08-24,2,regular,web
U000125,2025-11-14,3,value,mobile
U000126,2025-11-22,1,value,web
U000127,2025-12-17,2,value,web
U000128,2025-08-29,3,value,web
U000129,2025-11-26,3,regular,web
U000130,2025-07-15,3,regular,mobile
U000131,2025-07-22,2,regular,web
U000132,2025-09-19,2,value,mobile
U000133,2025-07-05,2,regular,mobile
U000134,2026-01-08,3,regular,mobile
U000135,2025-12-29,2,value,mobile
U000136,2025-07-03,3,regular,mobile
U000137,2025-12-16,2,regular,mobile
U000138,2025-10-08,2,regular,web
U000139,2025-11-17,3,value,web
U000140,2025-12-26,2,regular,mobile
U000141,2025-10-22,3,value,web
U000142,2025-07-17,2,value,mobile
U000143,2025-06-23,2,value,web
U000144,2025-10-05,2,premium,mobile
U000145,2026-01-08,2,value,web
U000146,2025-10-21,2,regular,mobile
U000147,2025-09-09,1,value,web
U000148,2025-06-29,1,premium,web
U000149,2026-01-01,2,regular,mobile
U000150,2025-08-31,2,premium,mobile
U000151,2025-11-18,2,value,mobile
U000152,2025-11-16,1,value,mobile
U000153,2025-08-15,2,regular,web
U000154,2025-07-06,1,value,mobile
U000155,2025-09-12,3,regular,web
U000156,2025-08-29,3,premium,web
U000157,2025-11-17,1,regular,web
U000158,2025-12-12,2,premium,web
U000159,2025-08-09,1,regular,mobile
U000160,2025-10-12,2,value,mobile
U000161,2025-07-01,1,regular,web
U000162,2025-08-07,2,value,mobile
U000163,2025-11-30,2,regular,web
U000164,2025-12-07,3,value,web
U000165,2025-12-03,1,value,mobile
U000166,2025-07-23,2,regular,web
U000167,2025-10-17,3,value,web
U000168,2025-09-20,3,value,mobile
U000169,2026-01-17,2,regular,web
U000170,2025-11-07,2,value,web
U000171,2026-01-05,2,regular,mobile
U000172,2025-07-23,2,value,web
U000173,2025-09-26,3,value,mobile
U000174,2025-12-02,2,value,mobile
U000175,2025-09-08,2,regular,web
U000176,2025-11-03,1,premium,web
U000177,2025-10-08,2,value,web
U000178,2026-01-17,3,premium,mobile
U000179,2025-07-29,2,regular,web
U000180,2026-01-05,2,regular,mobile
U000181,2025-09-15,3,regular,web
U000182,2025-09-29,3,regular,mobile
U000183,2025-10-12,2,regular,web
U000184,2025-08-18,2,regular,web
U000185,2026-01-11,2,regular,web
U000186,2025-12-31,2,value,mobile
U000187,2026-01-13,2,value,mobile
U000188,2026-01-18,1,regular,web
U000189,2025-11-11,3,value,web
U000190,2025-09-26,3,value,web
U000191,2025-12-19,3,value,web
U000192,2025-06-28,3,value,mobile
U000193,2025-12-15,3,regular,mobile
U000194,2025-10-05,3,regular,mobile
U000195,2025-11-11,3,regular,web
U000196,2025-09-09,2,value,web
U000197,2025-09-08,2,regular,mobile
U000198,2025-06-30,1,regular,web
U000199,2025-09-20,2,regular,mobile
U000200,2025-09-17,2,regular,web
U000201,2025-08-09,2,regular,web
U000202,2025-08-14,2,regular,mobile
U000203,2025-10-24,2,premium,web
U000204,2025-08-29,1,regular,mobile
U000205,2025-12-14,3,regular,web
U000206,2025-07-16,3,regular,web
U000207,2025-10-22,1,value,web
U000208,2025-07-27,1,premium,web
U000209,2025-10-12,2,value,web
U000210,2025-10-17,3,value,web
U000211,2025-11-05,3,premium,mobile
U000212,2025-09-21,1,regular,mobile
U000213,2025-10-08,3,value,web
U000214,2025-07-31,1,value,web
U000215,2025-09-28,2,value,web
U000216,2025-09-09,3,regular,mobile
U000217,2025-11-10,1,value,mobile
U000218,2025-09-22,1,premium,web
U000219,2025-12-04,2,premium,web
U000220,2025-09-20,2,regular,web
U000221,2025-08-11,3,regular,web
U000222,2025-08-19,3,value,web
U000223,2025-07-02,1,value,mobile
U000224,2025-10-14,1,regular,web
U000225,2025-12-14,3,value,web
U000226,2025-12-01,2,value,web
U000227,2025-09-23,3,value,mobile
U000228,2025-08-03,2,value,web
U000229,2025-12-21,1,regular,web
U000230,2025-07-05,3,regular,web
U000231,2025-09-15,1,regular,mobile
U000232,2025-12-20,2,regular,web
U000233,2025-09-14,2,regular,mobile
U000234,2025-07-18,2,regular,web
U000235,2025-08-18,2,regular,web
U000236,2025-10-27,2,regular,mobile
U000237,2025-07-25,3,value,mobile
U000238,2025-11-07,3,premium,web
U000239,2025-09-23,2,value,mobile
U000240,2025-09-01,1,value,web
U000241,2025-08-13,3,value,web
U000242,2025-12-13,3,regular,mobile
U000243,2025-09-14,2,regular,mobile
U000244,2025-11-25,2,regular,web
U000245,2025-09-23,2,premium,mobile
U000246,2025-07-12,1,value,web
U000247,2025-09-23,2,regular,web
U000248,2025-10-08,2,value,mobile
U000249,2025-09-27,3,regular,web
U000250,2025-12-11,3,value,mobile
U000251,2025-12-31,3,value,mobile
U000252,2025-12-05,2,regular,mobile
U000253,2025-10-23,2,regular,web
U000254,2025-10-15,3,regular,mobile
U000255,2025-11-05,3,regular,mobile
U000256,2025-08-22,2,regular,mobile
U000257,2025-12-10,3,regular,web
U000258,2025-12-20,1,value,web
U000259,2025-08-18,3,value,web
U000260,2025-12-30,1,value,web
U000261,2025-12-18,1,value,web
U000262,2025-09-20,2,regular,mobile
U000263,2025-12-31,1,regular,mobile
U000264,2025-07-18,1,regular,web
U000265,2025-06-29,1,regular,web
U000266,2025-09-04,2,regular,mobile
U000267,2025-10-20,3,regular,web
U000268,2025-09-05,1,value,mobile
U000269,2026-01-07,2,value,web
U000270,2025-08-15,3,regular,web
U000271,2025-08-21,1,regular,web
U000272,2025-11-03,1,value,mobile
U000273,2025-06-24,3,value,web
U000274,2025-11-23,3,regular,mobile
U000275,2025-09-10,2,regular,web
U000276,2026-01-14,3,value,web
U000277,2025-11-15,1,regular,mobile
U000278,2025-07-04,2,premium,web
U000279,2025-07-12,3,value,web
U000280,2025-07-11,2,premium,web
U000281,2026-01-09,3,value,mobile
U000282,2025-11-14,2,regular,web
U000283,2025-09-21,3,regular,web
U000284,2025-08-04,2,value,mobile
U000285,2025-12-23,2,premium,mobile
U000286,2025-08-04,1,regular,mobile
U000287,2025-11-18,1,premium,mobile
U000288,2025-11-30,3,value,mobile
U000289,2025-08-24,1,premium,web
U000290,2025-10-07,1,premium,web
U000291,2025-08-09,1,regular,mobile
U000292,2025-09-11,1,value,mobile
U000293,2026-01-12,3,regular,mobile
U000294,2025-11-15,2,regular,mobile
U000295,2025-12-18,3,premium,web
U000296,2025-10-14,1,regular,web
U000297,2025-08-12,2,value,mobile
U000298,2025-11-20,2,value,web
U000299,2025-10-06,2,regular,mobile
U000300,2025-07-30,3,premium,mobile
U000301,2025-09-18,3,value,web
U000302,2025-11-03,3,regular,mobile
U000303,2025-11-24,1,premium,mobile
U000304,2025-08-13,1,value,mobile
U000305,2025-12-24,2,value,web
U000306,2025-09-11,2,regular,mobile
U000307,2025-08-19,3,regular,web
U000308,2025-08-03,2,value,web
U000309,2025-12-09,2,regular,web
U000310,2025-09-05,3,regular,mobile
U000311,2025-10-02,3,premium,mobile
U000312,2025-08-09,1,premium,web
U000313,2025-11-14,1,regular,mobile
U000314,2025-12-04,2,regular,web
U000315,2025-09-02,2,value,mobile
U000316,2026-01-07,2,regular,web
U000317,2025-06-29,2,value,mobile
U000318,2025-07-21,3,regular,web
U000319,2025-10-25,3,value,mobile
U000320,2025-11-17,2,regular,web
U000321,2025-08-15,2,value,mobile
U000322,2025-10-17,2,value,mobile
U000323,2025-08-29,2,value,web
U000324,2025-10-17,2,regular,web
U000325,2025-11-08,2,regular,mobile
U000326,2026-01-13,2,value,mobile
U000327,2025-09-27,1,premium,web
U000328,2025-11-06,1,premium,web
U000329,2025-10-22,1,value,web
U000330,2025-08-29,3,regular,mobile
U000331,2025-08-15,2,regular,mobile
U000332,2026-01-16,1,value,web
U000333,2025-08-05,3,regular,mobile
U000334,2025-12-06,2,value,mobile
U000335,2025-07-24,2,premium,mobile
U000336,2025-12-09,3,premium,web
U000337,2025-08-01,1,regular,web
U000338,2026-01-12,1,regular,web
U000339,2025-11-14,2,regular,web
U000340,2025-07-12,1,premium,web
U000341,2025-11-16,2,value,web
U000342,2025-10-28,1,value,web
U000343,2025-09-02,1,regular,mobile
U000344,2025-08-17,1,value,web
U000345,2025-11-21,2,value,mobile
U000346,2025-11-26,1,value,web
U000347,2025-08-31,1,regular,mobile
U000348,2025-12-24,3,value,web
U000349,2025-08-18,2,value,mobile
U000350,2025-07-08,2,value,mobile
U000351,2025-10-27,1,regular,web
U000352,2025-07-15,2,premium,mobile
U000353,2025-08-20,2,value,web
U000354,2025-10-07,2,regular,mobile
U000355,2025-08-22,1,regular,web
U000356,2025-08-07,3,value,web
U000357,2025-11-18,3,regular,web
U000358,2025-10-16,1,regular,mobile
U000359,2025-12-16,1,regular,web
U000360,2025-10-23,1,value,mobile
U000361,2025-10-02,2,value,web
U000362,2025-08-17,1,premium,web
U000363,2025-12-06,3,regular,web
U000364,2025-08-03,3,premium,mobile
U000365,2025-08-13,3,premium,mobile
U000366,2025-12-17,2,value,web
U000367,2025-11-26,3,regular,mobile
U000368,2025-10-30,1,regular,web
U000369,2025-07-01,2,regular,web
U000370,2025-07-20,2,value,web
U000371,2025-10-06,3,value,web
U000372,2025-11-27,2,regular,web
U000373,2025-09-28,3,regular,mobile
U000374,2025-06-27,1,regular,web
U000375,2025-08-01,3,value,mobile
U000376,2025-10-25,2,value,mobile
U000377,2025-11-16,2,premium,mobile
U000378,2025-06-30,3,regular,mobile
U000379,2025-07-02,2,regular,mobile
U000380,2025-08-17,2,regular,web
U000381,2025-07-10,2,regular,web
U000382,2025-10-15,1,regular,web
U000383,2025-07-19,2,regular,mobile
U000384,2025-11-06,1,regular,web
U000385,2025-12-03,1,premium,mobile
U000386,2026-01-13,3,premium,mobile
U000387,2026-01-08,2,regular,web
U000388,2025-08-19,2,regular,mobile
U000389,2025-06-29,2,regular,web
U000390,2025-08-31,2,regular,web
U000391,2025-11-19,2,regular,mobile
U000392,2025-07-05,3,regular,web
U000393,2025-09-06,3,regular,web
U000394,2025-08-25,2,regular,web
U000395,2025-08-08,2,regular,web
U000396,2025-11-18,2,value,mobile
U000397,2025-11-08,2,regular,mobile
U000398,2025-10-13,2,regular,web
U000399,2025-12-31,2,value,web
U000400,2025-07-15,2,premium,web
U000401,2025-07-24,2,regular,mobile
U000402,2025-09-11,2,value,mobile
U000403,2025-11-08,2,regular,web
U000404,2025-10-24,1,regular,web
U000405,2025-07-08,1,regular,mobile
U000406,2026-01-10,3,regular,mobile
U000407,2025-08-26,2,premium,web
U000408,2025-09-06,1,regular,mobile
U000409,2025-11-01,2,regular,web
U000410,2026-01-07,3,value,web
U000411,2025-11-09,2,regular,mobile
U000412,2026-01-09,3,regular,web
U000413,2025-08-01,3,regular,web
U000414,2025-10-31,2,regular,mobile
U000415,2025-12-14,2,regular,mobile
U000416,2025-10-08,1,regular,web
U000417,2025-09-07,3,value,mobile
U000418,2026-01-16,2,premium,mobile
U000419,2025-07-23,3,regular,mobile
U000420,2025-09-17,2,premium,mobile
U000421,2025-12-23,1,premium,mobile
U000422,2025-12-29,1,premium,web
U000423,2026-01-15,2,regular,web
U000424,2025-12-26,2,regular,mobile
U000425,2025-07-04,1,value,mobile
U000426,2026-01-04,3,regular,web
U000427,2025-09-21,3,regular,web
U000428,2025-11-07,2,regular,mobile
U000429,2025-09-14,2,premium,web
U000430,2025-12-11,1,value,web
U000431,2025-10-22,3,regular,mobile
U000432,2025-12-18,2,regular,mobile
U000433,2025-08-03,3,regular,mobile
U000434,2025-08-01,2,value,mobile
U000435,2025-09-23,2,value,web
U000436,2025-06-24,2,regular,mobile
U000437,2025-11-15,1,regular,web
U000438,2025-08-24,3,value,web
U000439,2025-10-18,2,value,mobile
U000440,2025-07-08,2,regular,mobile
U000441,2025-07-29,3,value,mobile
U000442,2025-11-01,3,regular,web
U000443,2025-08-26,3,regular,mobile
U000444,2025-08-07,1,value,mobile
U000445,2025-08-10,2,regular,mobile
U000446,2025-08-07,3,value,mobile
U000447,2025-11-01,2,value,web
U000448,2025-07-28,1,premium,mobile
U000449,2025-09-07,3,regular,mobile
U000450,2025-11-14,2,premium,mobile
U000451,2025-10-09,2,value,mobile
U000452,2025-10-26,3,value,mobile
U000453,2025-08-15,2,regular,web
U000454,2026-01-05,2,regular,web
U000455,2025-09-18,2,premium,mobile
U000456,2025-08-22,2,value,mobile
U000457,2025-12-30,1,premium,mobile
U000458,2025-11-08,3,premium,web
U000459,2025-10-30,3,regular,web
U000460,2025-12-26,2,value,mobile
U000461,2025-07-05,2,regular,mobile
U000462,2025-12-16,3,value,web
U000463,2025-11-12,1,regular,mobile
U000464,2025-09-07,2,regular,web
U000465,2025-08-16,2,premium,web
U000466,2025-07-15,2,regular,web
U000467,2026-01-07,1,regular,web
U000468,2025-07-23,2,regular,web
U000469,2025-08-16,2,regular,mobile
U000470,2025-11-15,2,premium,mobile
U000471,2025-11-19,1,value,mobile
U000472,2025-07-27,2,premium,web
U000473,2025-12-11,2,regular,web
U000474,2025-10-08,1,premium,web
U000475,2025-12-18,1,regular,mobile
U000476,2025-07-11,1,regular,web
U000477,2025-07-02,2,value,mobile
U000478,2025-11-04,1,regular,mobile
U000479,2025-07-24,3,value,mobile
U000480,2025-10-11,2,value,web
U000481,2025-06-26,3,regular,web
U000482,2025-12-04,3,value,web
U000483,2025-12-29,1,regular,web
U000484,2025-12-16,2,regular,mobile
U000485,2026-01-10,3,value,web
U000486,2025-12-30,2,regular,mobile
U000487,2025-09-24,2,value,web
U000488,2025-09-15,2,regular,mobile
U000489,2025-12-28,1,regular,mobile
U000490,2026-01-04,2,regular,web
U000491,2026-01-13,3,regular,mobile
U000492,2025-12-01,3,premium,web
U000493,2025-08-04,1,regular,mobile
U000494,2026-01-07,3,regular,mobile
U000495,2026-01-08,2,regular,mobile
U000496,2025-11-10,3,regular,mobile
U000497,2025-12-20,1,value,web
U000498,2025-10-19,3,regular,mobile
U000499,2026-01-07,3,value,mobile
U000500,2025-07-13,1,regular,web
U000501,2025-12-21,1,value,web
U000502,2025-07-05,3,value,mobile
U000503,2025-09-02,1,premium,mobile
U000504,2025-07-21,2,premium,web
U000505,2025-10-02,3,premium,mobile
U000506,2025-08-11,2,premium,mobile
U000507,2026-01-09,2,regular,web
U000508,2025-10-18,2,value,web
U000509,2025-12-28,1,value,mobile
U000510,2025-08-20,3,regular,mobile
U000511,2025-06-28,2,value,mobile
U000512,2025-12-03,1,premium,web
U000513,2025-11-17,2,value,mobile
U000514,2025-10-15,3,value,mobile
U000515,2025-12-11,1,value,mobile
U000516,2025-12-16,3,value,web
U000517,2025-10-24,3,value,mobile
U000518,2026-01-12,3,regular,web
U000519,2025-11-21,3,value,web
U000520,2025-11-12,3,regular,mobile
U000521,2025-09-07,3,premium,mobile
U000522,2025-06-23,1,regular,web
U000523,2025-08-13,3,regular,mobile
U000524,2025-11-30,2,regular,web
U000525,2025-11-19,2,value,web
U000526,2025-08-31,3,value,web
U000527,2025-11-01,3,premium,web
U000528,2025-08-03,3,regular,mobile
U000529,2025-08-17,2,value,mobile
U000530,2026-01-08,2,regular,mobile
U000531,2025-09-18,2,regular,web
U000532,2025-08-13,2,regular,web
U000533,2025-10-03,2,regular,web
U000534,2025-09-12,1,premium,mobile
U000535,2025-11-23,1,regular,web
U000536,2026-01-11,3,regular,web
U000537,2025-10-25,2,value,mobile
U000538,2025-10-25,3,value,mobile
U000539,2025-09-08,2,premium,web
U000540,2025-10-20,1,regular,web
U000541,2025-08-29,1,regular,mobile
U000542,2025-06-23,1,regular,web
U000543,2025-12-22,3,value,web
U000544,2025-09-21,1,regular,mobile
U000545,2025-10-04,2,value,web
U000546,2025-07-10,3,regular,web
U000547,2025-12-16,3,regular,web
U000548,2025-07-29,1,value,web
U000549,2025-09-17,1,value,web
U000550,2025-12-16,1,regular,web
U000551,2025-09-27,1,value,mobile
U000552,2026-01-04,1,value,web
U000553,2025-08-06,2,regular,mobile
U000554,2025-11-20,3,regular,mobile
U000555,2026-01-14,2,regular,web
U000556,2025-10-16,2,value,web
U000557,2025-11-15,1,premium,mobile
U000558,2025-09-14,3,value,mobile
U000559,2025-11-28,2,value,mobile
U000560,2025-12-31,3,value,web
U000561,2025-11-18,3,value,web
U000562,2026-01-05,2,value,web
U000563,2025-10-25,1,value,mobile
U000564,2025-10-22,1,value,mobile
U000565,2025-08-26,2,regular,web
U000566,2025-11-19,3,premium,mobile
U000567,2025-12-25,2,value,web
U000568,2025-11-06,3,value,mobile
U000569,2025-08-11,2,premium,web
U000570,2025-10-15,1,premium,mobile
U000571,2025-11-29,2,regular,mobile
U000572,2026-01-06,2,value,mobile
U000573,2025-07-26,2,regular,web
U000574,2025-07-20,2,value,mobile
U000575,2025-09-18,1,value,mobile
U000576,2025-07-19,3,regular,web
U000577,2026-01-15,1,regular,web
U000578,2025-09-20,3,regular,mobile
U000579,2025-10-13,1,regular,web
U000580,2025-08-10,1,value,web
U000581,2025-09-25,2,value,web
U000582,2026-01-16,2,regular,web
U000583,2025-10-04,2,premium,web
U000584,2025-06-25,2,value,mobile
U000585,2025-08-13,3,regular,web
U000586,2026-01-14,2,value,mobile
U000587,2026-01-17,2,value,web
U000588,2025-08-06,2,regular,web
U000589,2025-10-30,1,value,web
U000590,2025-07-09,2,regular,mobile
U000591,2025-10-22,1,regular,mobile
U000592,2025-07-19,2,value,web
U000593,2025-12-12,1,value,web
U000594,2026-01-06,3,value,web
U000595,2025-07-29,2,premium,web
U000596,2025-09-28,3,regular,mobile
U000597,2025-07-14,2,regular,web
U000598,2025-09-02,1,value,mobile
U000599,2025-07-07,3,regular,mobile
U000600,2025-08-17,2,value,web
U000601,2026-01-17,3,regular,mobile
U000602,2025-07-02,2,regular,web
U000603,2025-12-20,2,regular,mobile
U000604,2025-07-09,3,value,web
U000605,2025-10-12,2,value,mobile
U000606,2025-09-26,2,value,web
U000607,2026-01-05,2,regular,web
U000608,2025-08-04,2,premium,mobile
U000609,2025-07-31,3,value,web
U000610,2025-11-27,2,regular,web
U000611,2025-11-22,2,regular,mobile
U000612,2025-11-17,3,value,web
U000613,2025-06-28,2,value,mobile
U000614,2025-08-17,3,value,mobile
U000615,2025-12-16,2,regular,mobile
U000616,2025-10-27,1,regular,web
U000617,2025-10-27,3,regular,web
U000618,2025-08-24,1,premium,mobile
U000619,2025-08-17,1,regular,web
U000620,2026-01-08,2,premium,web
U000621,2025-11-23,3,regular,web
U000622,2025-07-20,3,premium,web
U000623,2026-01-06,2,regular,mobile
U000624,2025-10-23,1,regular,mobile
U000625,2025-09-01,3,regular,mobile
U000626,2025-09-14,1,premium,mobile
U000627,2025-11-22,1,regular,web
U000628,2025-09-10,2,regular,web
U000629,2025-10-22,2,regular,web
U000630,2025-11-19,3,premium,mobile
U000631,2025-08-03,3,regular,web
U000632,2026-01-07,3,regular,mobile
U000633,2025-09-06,1,regular,web
U000634,2025-09-19,2,premium,mobile
U000635,2025-11-17,2,value,mobile
U000636,2025-10-29,1,regular,mobile
U000637,2025-09-23,2,regular,web
U000638,2025-11-06,2,premium,mobile
U000639,2025-12-30,1,premium,web
U000640,2025-12-08,2,regular,web
U000641,2025-12-13,3,regular,web
U000642,2025-08-16,1,value,web
U000643,2025-09-19,2,premium,mobile
U000644,2025-10-17,3,value,web
U000645,2025-07-02,3,regular,web
U000646,2025-12-02,3,regular,mobile
U000647,2025-08-30,2,regular,mobile
U000648,2025-08-21,3,value,mobile
U000649,2025-08-16,1,value,mobile
U000650,2025-08-21,2,premium,web
U000651,2025-09-02,1,regular,mobile
U000652,2025-10-28,2,value,web
U000653,2025-10-23,2,regular,web
U000654,2025-08-16,1,value,web
U000655,2025-08-05,3,premium,mobile
U000656,2025-12-13,2,value,web
U000657,2025-07-12,2,value,mobile
U000658,2025-10-09,1,value,web
U000659,2025-10-10,2,regular,web
U000660,2025-10-22,2,regular,web
U000661,2025-12-26,2,regular,web
U000662,2025-11-01,1,regular,web
U000663,2026-01-13,3,value,mobile
U000664,2025-12-23,3,value,web
U000665,2025-08-07,2,value,web
U000666,2025-08-13,2,premium,mobile
U000667,2025-09-03,3,value,web
U000668,2025-09-13,3,premium,web
U000669,2025-10-17,2,value,web
U000670,2025-08-11,3,value,web
U000671,2025-08-09,3,value,web
U000672,2025-09-11,3,value,mobile
U000673,2025-11-11,2,regular,web
U000674,2025-11-14,1,regular,mobile
U000675,2026-01-14,1,value,web
U000676,2025-08-04,2,regular,mobile
U000677,2025-09-13,2,regular,mobile
U000678,2026-01-12,2,premium,web
U000679,2025-11-15,2,premium,web
U000680,2025-10-25,2,regular,web
U000681,2025-10-14,3,regular,mobile
U000682,2025-07-09,1,regular,mobile
U000683,2025-12-28,1,regular,web
U000684,2025-11-01,3,regular,mobile
U000685,2025-10-21,3,value,web
U000686,2025-10-14,3,regular,web
U000687,2025-09-13,3,premium,mobile
U000688,2025-08-15,3,value,web
U000689,2025-11-29,2,regular,web
U000690,2025-10-08,2,premium,mobile
U000691,2025-06-30,2,value,web
U000692,2025-09-15,2,regular,mobile
U000693,2026-01-04,3,premium,web
U000694,2025-09-09,2,premium,web
U000695,2025-09-18,2,value,web
U000696,2025-11-01,2,value,mobile
U000697,2025-12-08,1,regular,web
U000698,2025-11-10,1,value,web
U000699,2025-12-18,1,value,mobile
U000700,2025-07-17,3,value,mobile
U000701,2026-01-03,2,value,mobile
U000702,2025-12-30,3,regular,mobile
U000703,2025-10-10,2,regular,web
U000704,2025-11-01,1,regular,mobile
U000705,2025-08-07,1,regular,mobile
U000706,2025-09-25,3,regular,mobile
U000707,2025-08-05,2,value,mobile
U000708,2025-06-28,3,value,web
U000709,2026-01-15,1,value,web
U000710,2025-08-16,2,value,mobile
U000711,2025-10-25,3,value,web
U000712,2025-08-25,1,value,web
U000713,2025-09-09,2,value,web
U000714,2025-09-14,3,regular,mobile
U000715,2025-09-01,2,regular,mobile
U000716,2025-11-04,2,premium,mobile
U000717,2026-01-11,2,regular,mobile
U000718,2025-09-21,2,regular,mobile
U000719,2026-01-13,3,value,mobile
U000720,2025-11-10,3,regular,web
U000721,2025-10-28,2,value,mobile
U000722,2025-08-12,3,regular,web
U000723,2025-07-06,1,regular,web
U000724,2025-12-19,1,regular,web
U000725,2025-10-21,2,value,mobile
U000726,2025-09-18,3,regular,mobile
U000727,2025-12-10,1,regular,mobile
U000728,2025-08-27,1,regular,mobile
U000729,2025-12-05,2,regular,mobile
U000730,2025-08-31,3,regular,web
U000731,2026-01-02,1,value,mobile
U000732,2025-08-18,2,regular,mobile
U000733,2025-07-22,3,regular,mobile
U000734,2025-11-17,2,value,web
U000735,2025-07-27,1,value,web
U000736,2026-01-08,1,premium,mobile
U000737,2025-11-08,2,regular,web
U000738,2025-08-10,2,regular,web
U000739,2025-08-06,3,regular,web
U000740,2026-01-03,2,regular,web
U000741,2025-10-29,2,regular,web
U000742,2025-12-28,3,value,mobile
U000743,2025-07-16,2,regular,mobile
U000744,2026-01-03,2,regular,mobile
U000745,2025-10-10,3,value,web
U000746,2025-11-10,1,regular,web
U000747,2025-09-09,3,value,web
U000748,2025-07-05,3,regular,web
U000749,2026-01-10,1,regular,web
U000750,2026-01-18,2,regular,mobile
U000751,2025-09-07,1,regular,mobile
U000752,2026-01-07,1,premium,web
U000753,2025-07-28,2,regular,web
U000754,2025-07-25,2,regular,web
U000755,2025-07-08,3,regular,web
U000756,2025-09-13,3,value,web
U000757,2025-07-04,3,value,web
U000758,2025-09-14,2,regular,web
U000759,2025-07-22,2,value,web
U000760,2025-11-23,2,regular,mobile
U000761,2025-12-15,1,regular,web
U000762,2025-11-14,3,regular,web
U000763,2025-08-04,2,value,web
U000764,2025-12-01,1,regular,web
U000765,2025-08-14,3,regular,mobile
U000766,2025-11-29,2,regular,mobile
U000767,2025-10-20,1,value,mobile
U000768,2025-09-08,1,regular,mobile
U000769,2025-07-10,2,value,web
U000770,2025-12-14,3,regular,web
U000771,2026-01-06,1,value,web
U000772,2025-11-10,3,premium,web
U000773,2026-01-11,3,value,mobile
U000774,2026-01-05,3,regular,web
U000775,2025-08-03,1,value,web
U000776,2025-11-23,1,regular,web
U000777,2025-09-04,3,regular,web
U000778,2025-10-03,2,regular,mobile
U000779,2025-07-26,2,value,web
U000780,2026-01-14,3,value,web
U000781,2025-11-22,1,value,web
U000782,2025-08-18,3,premium,mobile
U000783,2025-09-09,3,regular,web
U000784,2025-09-20,3,value,mobile
U000785,2025-11-27,2,premium,web
U000786,2026-01-03,3,value,web
U000787,2025-08-29,2,regular,mobile
U000788,2025-09-30,3,regular,web
U000789,2025-10-26,3,premium,web
U000790,2025-09-14,3,regular,mobile
U000791,2025-10-07,2,regular,web
U000792,2025-07-15,1,premium,web
U000793,2025-07-28,1,value,mobile
U000794,2025-09-15,2,premium,web
U000795,2026-01-01,2,regular,web
U000796,2025-09-04,2,premium,web
U000797,2025-08-14,2,value,mobile
U000798,2025-11-26,3,value,web
U000799,2026-01-08,3,regular,web
U000800,2025-09-27,1,regular,mobile
U000801,2025-06-25,3,regular,mobile
U000802,2025-11-14,2,premium,mobile
U000803,2025-09-18,2,regular,web
U000804,2025-11-11,1,value,web
U000805,2025-08-20,3,regular,web
U000806,2025-06-23,3,value,mobile
U000807,2025-09-03,3,value,web
U000808,2025-11-18,3,value,mobile
U000809,2025-09-13,3,regular,web
U000810,2025-08-08,2,regular,mobile
U000811,2025-09-28,2,regular,mobile
U000812,2025-11-28,2,regular,web
U000813,2025-07-18,3,regular,mobile
U000814,2025-11-15,1,regular,mobile
U000815,2025-11-10,2,premium,web
U000816,2025-09-09,3,regular,web
U000817,2026-01-13,2,regular,mobile
U000818,2025-12-28,3,regular,web
U000819,2025-08-28,2,regular,web
U000820,2025-06-29,3,premium,web
U000821,2025-08-27,3,regular,mobile
U000822,2025-08-05,2,regular,web
U000823,2025-10-16,3,value,mobile
U000824,2026-01-02,2,regular,web
U000825,2025-12-23,2,regular,web
U000826,2025-08-26,2,regular,mobile
U000827,2025-09-21,3,regular,web
U000828,2025-07-01,1,value,web
U000829,2025-10-15,1,premium,web
U000830,2025-07-06,3,value,mobile
U000831,2026-01-06,2,premium,web
U000832,2025-12-22,2,value,web
U000833,2025-08-07,1,regular,web
U000834,2025-11-17,2,regular,web
U000835,2025-10-20,3,regular,web
U000836,2025-12-08,1,value,web
U000837,2025-10-01,2,premium,web
U000838,2025-08-02,3,regular,web
U000839,2025-11-04,1,regular,mobile
U000840,2025-07-10,3,regular,mobile
U000841,2025-10-24,2,value,web
U000842,2025-08-07,3,regular,web
U000843,2025-11-14,3,value,web
U000844,2025-12-14,3,value,mobile
U000845,2025-07-16,1,regular,web
U000846,2025-09-15,2,regular,web
U000847,2025-11-24,3,value,web
U000848,2025-07-27,1,value,web
U000849,2025-10-20,1,value,web
U000850,2025-11-11,1,value,web
U000851,2025-09-05,3,regular,mobile
U000852,2025-12-15,3,value,mobile
U000853,2025-10-08,2,premium,mobile
U000854,2025-11-02,3,value,mobile
U000855,2025-07-23,2,value,web
U000856,2025-06-28,2,premium,mobile
U000857,2025-07-04,2,value,mobile
U000858,2025-12-30,2,regular,mobile
U000859,2025-12-25,1,premium,mobile
U000860,2025-12-10,3,premium,web
U000861,2025-08-04,3,regular,web
U000862,2025-10-11,2,value,web
U000863,2025-12-07,2,regular,web
U000864,2025-11-12,1,premium,web
U000865,2025-07-17,3,premium,web
U000866,2025-12-28,3,value,web
U000867,2025-07-27,3,regular,mobile
U000868,2025-07-29,2,value,mobile
U000869,2025-12-29,1,value,mobile
U000870,2025-10-03,1,regular,web
U000871,2025-09-09,1,value,mobile
U000872,2025-10-17,1,value,mobile
U000873,2026-01-15,1,value,mobile
U000874,2025-07-18,3,regular,mobile
U000875,2025-11-29,1,value,web
U000876,2025-09-01,1,regular,web
U000877,2025-07-18,3,value,mobile
U000878,2025-09-20,2,premium,mobile
U000879,2025-10-16,3,value,web
U000880,2025-08-05,2,regular,web
U000881,2025-09-16,3,value,web
U000882,2025-11-03,2,value,web
U000883,2025-10-22,2,value,mobile
U000884,2025-11-22,3,value,mobile
U000885,2025-12-16,2,value,web
U000886,2025-09-17,2,regular,web
U000887,2025-09-20,2,regular,web
U000888,2025-10-05,1,value,web
U000889,2025-10-20,3,regular,web
U000890,2025-07-16,2,regular,mobile
U000891,2025-08-28,1,value,mobile
U000892,2025-07-29,1,regular,web
U000893,2025-09-12,3,value,mobile
U000894,2026-01-13,2,value,mobile
U000895,2025-10-23,2,regular,web
U000896,2025-09-21,3,premium,mobile
U000897,2025-10-20,1,premium,mobile
U000898,2025-11-10,3,premium,mobile
U000899,2025-09-22,2,regular,web
U000900,2025-09-25,1,value,web
U000901,2025-11-17,2,value,web
U000902,2025-07-06,3,value,web
U000903,2025-10-14,2,value,web
U000904,2025-10-16,2,value,mobile
U000905,2025-11-29,2,regular,web
U000906,2026-01-15,2,value,web
U000907,2025-12-07,2,value,mobile
U000908,2025-10-07,2,regular,web
U000909,2025-07-29,2,regular,web
U000910,2025-10-24,1,premium,mobile
U000911,2025-12-15,2,value,web
U000912,2026-01-05,2,regular,web
U000913,2025-12-13,2,value,mobile
U000914,2025-08-02,1,regular,web
U000915,2025-11-20,2,value,web
U000916,2025-12-25,2,value,web
U000917,2025-11-13,1,regular,mobile
U000918,2025-11-14,1,value,web
U000919,2025-10-06,2,value,mobile
U000920,2025-11-04,3,premium,web
U000921,2025-08-24,1,value,mobile
U000922,2025-07-12,3,regular,web
U000923,2025-12-14,2,regular,web
U000924,2026-01-07,3,value,web
U000925,2025-12-20,2,regular,mobile
U000926,2025-09-01,2,value,web
U000927,2025-07-13,2,regular,web
U000928,2025-08-21,3,value,web
U000929,2025-12-17,2,value,web
U000930,2025-11-08,2,value,mobile
U000931,2026-01-12,2,premium,web
U000932,2025-09-03,3,regular,web
U000933,2025-10-17,1,premium,web
U000934,2025-12-06,2,regular,web
U000935,2025-08-11,2,regular,web
U000936,2026-01-11,3,regular,web
U000937,2025-10-25,2,premium,web
U000938,2025-06-25,2,regular,mobile
U000939,2025-06-28,3,regular,web
U000940,2025-12-25,2,regular,mobile
U000941,2025-11-05,1,regular,web
U000942,2025-11-30,1,value,web
U000943,2025-12-05,1,regular,web
U000944,2025-09-19,1,value,web
U000945,2025-12-08,2,regular,mobile
U000946,2026-01-06,3,regular,mobile
U000947,2025-07-29,3,regular,mobile
U000948,2025-11-30,1,regular,mobile
U000949,2025-08-27,2,regular,web
U000950,2025-08-29,1,value,web
U000951,2025-09-18,3,premium,mobile
U000952,2025-12-21,1,regular,web
U000953,2025-06-28,2,value,web
U000954,2025-09-22,2,value,mobile
U000955,2025-11-13,2,value,mobile
U000956,2025-07-16,2,regular,mobile
U000957,2025-12-06,3,regular,web
U000958,2026-01-07,1,premium,mobile
U000959,2025-07-12,3,regular,web
U000960,2025-07-25,2,regular,web
U000961,2026-01-14,3,regular,web
U000962,2025-08-03,3,regular,mobile
U000963,2025-07-10,3,regular,mobile
U000964,2026-01-09,1,value,mobile
U000965,2025-12-27,2,premium,web
U000966,2025-11-08,2,regular,web
U000967,2025-10-17,2,regular,web
U000968,2026-01-02,2,premium,mobile
U000969,2025-11-08,3,regular,web
U000970,2025-11-08,3,value,web
U000971,2025-12-17,2,regular,mobile
U000972,2025-11-07,2,value,web
U000973,2025-10-07,3,regular,mobile
U000974,2025-09-13,3,value,web
U000975,2025-10-07,1,regular,mobile
U000976,2025-10-11,2,premium,web
U000977,2025-09-07,3,value,web
U000978,2025-09-25,2,regular,web
U000979,2025-12-08,2,regular,web
U000980,2025-09-18,3,regular,mobile
U000981,2025-06-28,3,value,web
U000982,2025-08-21,3,value,web
U000983,2025-08-11,3,regular,mobile
U000984,2025-12-07,2,regular,web
U000985,2025-09-25,2,regular,mobile
U000986,2025-08-21,2,value,mobile
U000987,2025-12-10,2,regular,web
U000988,2025-06-27,2,regular,mobile
U000989,2025-07-30,2,value,web
U000990,2025-12-14,2,regular,web
U000991,2025-10-17,3,value,web
U000992,2025-12-02,2,regular,mobile
U000993,2025-12-16,2,premium,mobile
U000994,2026-01-07,1,regular,web
U000995,2025-07-06,1,regular,mobile
U000996,2025-12-08,3,value,web
U000997,2025-11-19,2,value,mobile
U000998,2025-08-05,1,value,mobile
U000999,2026-01-05,3,regular,mobile
U001000,2025-09-16,2,regular,mobile
U001001,2025-12-26,1,value,mobile
U001002,2025-10-28,2,value,web
U001003,2025-10-12,1,value,mobile
U001004,2025-07-26,2,regular,mobile
U001005,2026-01-01,2,regular,mobile
U001006,2025-10-18,1,regular,web
U001007,2025-06-24,1,premium,mobile
U001008,2025-06-27,2,value,web
U001009,2025-12-03,1,regular,web
U001010,2025-07-27,3,regular,web
U001011,2025-10-27,1,value,web
U001012,2025-11-13,2,premium,mobile
U001013,2025-08-21,2,value,web
U001014,2025-10-20,2,regular,mobile
U001015,2025-08-12,1,regular,mobile
U001016,2026-01-08,3,premium,web
U001017,2025-12-21,3,regular,mobile
U001018,2025-08-22,1,value,web
U001019,2025-10-12,1,regular,mobile
U001020,2025-10-06,3,regular,mobile
U001021,2026-01-11,2,regular,web
U001022,2025-09-14,1,regular,mobile
U001023,2025-10-19,1,value,web
U001024,2026-01-04,2,regular,web
U001025,2025-07-27,3,premium,mobile
U001026,2025-10-17,2,value,web
U001027,2025-07-15,3,regular,mobile
U001028,2025-10-31,2,premium,web
U001029,2025-09-08,2,regular,web
U001030,2026-01-12,2,premium,mobile
U001031,2025-09-18,2,regular,web
U001032,2025-07-22,1,premium,mobile
U001033,2025-12-15,1,value,web
U001034,2025-12-12,2,regular,mobile
U001035,2025-11-16,3,regular,mobile
U001036,2025-11-27,1,regular,web
U001037,2025-08-18,2,premium,web
U001038,2025-11-05,2,regular,web
U001039,2025-07-01,2,regular,mobile
U001040,2025-08-03,3,regular,web
U001041,2026-01-05,3,regular,web
U001042,2025-11-25,3,regular,mobile
U001043,2025-08-10,1,value,web
U001044,2025-07-16,2,regular,web
U001045,2026-01-08,2,premium,web
U001046,2025-07-17,1,regular,web
U001047,2025-08-16,1,regular,mobile
U001048,2025-07-31,1,regular,mobile
U001049,2025-06-25,2,regular,mobile
U001050,2025-08-28,2,value,mobile
U001051,2026-01-14,1,regular,web
U001052,2025-09-03,3,regular,web
U001053,2025-10-07,3,value,mobile
U001054,2025-11-27,1,value,mobile
U001055,2025-10-17,3,regular,mobile
U001056,2025-11-26,1,regular,web
U001057,2025-11-09,3,regular,mobile
U001058,2025-10-29,3,value,mobile
U001059,2025-11-06,1,regular,mobile
U001060,2025-12-08,3,regular,mobile
U001061,2025-11-19,3,regular,web
U001062,2025-12-06,3,regular,web
U001063,2025-07-24,3,value,web
U001064,2025-11-12,2,premium,web
U001065,2025-11-25,1,value,mobile
U001066,2025-08-25,3,regular,web
U001067,2025-12-24,2,value,web
U001068,2025-08-26,2,regular,web
U001069,2025-08-13,2,value,mobile
U001070,2025-12-22,2,premium,web
U001071,2025-08-14,1,regular,web
U001072,2025-09-18,3,regular,mobile
U001073,2025-09-08,1,value,web
U001074,2025-12-29,3,value,web
U001075,2025-09-27,3,regular,web
U001076,2025-11-16,2,regular,mobile
U001077,2025-12-07,2,regular,mobile
U001078,2025-11-02,2,premium,mobile
U001079,2026-01-07,3,regular,web
U001080,2025-12-08,3,premium,mobile
U001081,2025-09-15,2,value,mobile
U001082,2026-01-09,1,regular,web
U001083,2025-10-11,1,regular,web
U001084,2025-06-28,2,regular,web
U001085,2025-08-17,3,premium,mobile
U001086,2025-11-01,3,regular,web
U001087,2025-07-26,1,premium,web
U001088,2025-10-24,3,regular,mobile
U001089,2025-09-07,2,value,mobile
U001090,2025-10-13,3,regular,mobile
U001091,2025-06-23,1,regular,mobile
U001092,2025-12-18,2,premium,web
U001093,2025-09-07,3,regular,mobile
U001094,2025-07-22,2,value,web
U001095,2025-09-23,2,value,web
U001096,2025-10-03,3,value,mobile
U001097,2025-11-04,1,regular,web
U001098,2025-10-11,1,value,web
U001099,2025-07-02,2,regular,mobile
U001100,2025-12-23,2,regular,web
U001101,2025-09-27,1,regular,web
U001102,2025-07-09,2,value,mobile
U001103,2025-12-02,3,regular,mobile
U001104,2025-11-09,2,value,mobile
U001105,2025-11-06,2,premium,web
U001106,2025-09-21,3,value,mobile
U001107,2025-09-17,2,value,mobile
U001108,2025-10-14,3,value,web
U001109,2025-07-04,2,regular,web
U001110,2025-08-25,3,value,web
U001111,2026-01-16,2,regular,web
U001112,2025-11-09,1,regular,web
U001113,2025-09-19,3,regular,mobile
U001114,2025-08-09,2,value,mobile
U001115,2025-11-26,1,value,web
U001116,2025-08-17,1,regular,mobile
U001117,2025-07-27,2,value,web
U001118,2025-07-25,1,regular,web
U001119,2025-11-23,2,regular,mobile
U001120,2025-11-05,1,regular,web
U001121,2025-07-08,2,value,mobile
U001122,2025-07-17,2,regular,web
U001123,2025-11-03,2,value,web
U001124,2025-10-21,2,regular,web
U001125,2025-11-14,1,value,web
U001126,2025-07-30,2,premium,mobile
U001127,2025-11-23,2,regular,mobile
U001128,2026-01-06,2,value,web
U001129,2025-10-27,1,value,web
U001130,2025-08-03,1,value,mobile
U001131,2025-11-13,1,value,mobile
U001132,2025-09-03,2,value,web
U001133,2025-07-03,2,premium,web
U001134,2025-08-25,3,regular,web
U001135,2025-12-30,2,value,web
U001136,2025-09-17,2,regular,web
U001137,2025-12-22,2,value,web
U001138,2025-10-08,1,premium,web
U001139,2025-10-10,2,value,web
U001140,2025-06-24,2,regular,web
U001141,2025-11-04,2,regular,mobile
U001142,2025-07-16,1,value,mobile
U001143,2025-10-01,3,value,web
U001144,2025-08-17,3,regular,web
U001145,2025-09-13,1,premium,web
U001146,2025-10-14,2,regular,mobile
U001147,2025-06-26,3,regular,mobile
U001148,2025-08-22,2,regular,web
U001149,2026-01-17,3,regular,mobile
U001150,2025-07-05,2,regular,mobile
U001151,2025-08-29,3,regular,mobile
U001152,2025-08-29,3,regular,web
U001153,2025-09-11,1,value,web
U001154,2025-11-14,2,premium,mobile
U001155,2025-08-14,2,value,web
U001156,2025-09-28,1,value,mobile
U001157,2025-11-05,2,regular,mobile
U001158,2025-08-30,3,value,web
U001159,2026-01-08,1,value,web
U001160,2026-01-15,2,value,web
U001161,2025-07-18,3,regular,web
U001162,2025-09-03,2,regular,mobile
U001163,2025-08-06,2,value,mobile
U001164,2025-08-01,3,value,web
U001165,2025-10-04,2,regular,mobile
U001166,2025-10-19,1,premium,web
U001167,2025-09-20,1,value,mobile
U001168,2025-08-19,3,premium,web
U001169,2025-08-20,2,premium,mobile
U001170,2026-01-17,2,value,mobile
U001171,2026-01-03,1,regular,web
U001172,2025-07-09,2,regular,mobile
U001173,2025-11-08,3,regular,mobile
U001174,2025-09-27,2,regular,web
U001175,2025-11-15,3,regular,mobile
U001176,2025-10-26,2,regular,mobile
U001177,2025-12-27,2,regular,mobile
U001178,2025-07-07,3,premium,web
U001179,2025-09-04,2,regular,mobile
U001180,2026-01-16,2,regular,mobile
U001181,2025-07-31,3,premium,mobile
U001182,2025-07-20,2,value,web
U001183,2025-11-23,2,value,web
U001184,2025-12-03,3,regular,mobile
U001185,2025-11-11,1,premium,web
U001186,2025-12-03,2,value,web
U001187,2025-11-16,1,regular,web
U001188,2025-07-21,2,value,mobile
U001189,2025-10-29,1,regular,web
U001190,2025-12-03,2,regular,mobile
U001191,2025-12-22,1,value,mobile
U001192,2025-08-14,2,premium,mobile
U001193,2025-07-20,2,value,mobile
U001194,2025-12-04,2,premium,web
U001195,2025-08-16,2,value,mobile
U001196,2025-06-30,3,premium,web
U001197,2025-12-13,2,regular,mobile
U001198,2025-10-07,2,value,web
U001199,2025-08-31,3,value,mobile
U001200,2025-06-25,2,value,mobile
U001201,2025-06-30,1,regular,web
U001202,2025-12-06,3,regular,mobile
U001203,2025-10-04,2,regular,web
U001204,2025-07-24,1,regular,web
U001205,2025-09-06,2,regular,web
U001206,2025-07-28,1,regular,web
U001207,2025-07-17,1,regular,mobile
U001208,2025-08-20,3,regular,mobile
U001209,2025-10-16,1,regular,web
U001210,2025-08-06,3,premium,mobile
U001211,2025-09-03,3,regular,mobile
U001212,2025-10-01,2,value,mobile
U001213,2025-09-19,3,value,web
U001214,2025-07-20,3,regular,mobile
U001215,2025-07-01,3,value,web
U001216,2025-06-30,2,premium,mobile
U001217,2025-09-04,1,regular,mobile
U001218,2025-11-21,2,regular,mobile
U001219,2025-07-21,2,regular,web
U001220,2025-12-05,1,value,web
U001221,2025-11-20,2,regular,mobile
U001222,2025-06-24,1,value,web
U001223,2025-06-29,3,regular,web
U001224,2025-08-03,2,premium,mobile
U001225,2025-07-05,1,regular,mobile
U001226,2025-10-13,1,premium,web
U001227,2025-07-01,1,regular,web
U001228,2025-12-08,2,regular,mobile
U001229,2025-10-04,1,regular,web
U001230,2025-11-23,2,regular,web
U001231,2025-11-28,1,value,web
U001232,2025-10-07,2,value,web
U001233,2026-01-03,2,regular,mobile
U001234,2026-01-17,2,value,web
U001235,2025-09-06,2,regular,web
U001236,2025-07-19,1,regular,web
U001237,2025-09-07,1,premium,web
U001238,2025-08-09,1,value,web
U001239,2025-10-12,3,premium,mobile
U001240,2025-09-10,3,value,mobile
U001241,2025-10-02,3,regular,web
U001242,2025-11-30,2,regular,web
U001243,2025-08-19,2,value,web
U001244,2025-10-14,2,value,web
U001245,2025-09-01,3,value,mobile
U001246,2025-12-05,3,regular,web
U001247,2025-11-04,3,regular,mobile
U001248,2025-06-25,3,value,mobile
U001249,2025-11-09,2,value,web
U001250,2025-07-29,3,regular,mobile
U001251,2025-11-22,3,value,web
U001252,2025-10-20,2,regular,web
U001253,2025-09-15,3,premium,mobile
U001254,2025-11-16,1,regular,web
U001255,2025-12-20,3,premium,mobile
U001256,2025-12-03,3,regular,mobile
U001257,2025-10-15,1,regular,web
U001258,2025-11-22,2,value,mobile
U001259,2025-09-18,1,value,web
U001260,2025-12-06,3,regular,mobile
U001261,2025-12-14,3,value,web
U001262,2025-07-22,2,premium,web
U001263,2025-08-12,3,regular,web
U001264,2025-08-19,1,premium,mobile
U001265,2025-07-28,2,value,web
U001266,2025-09-13,2,regular,mobile
U001267,2025-08-02,1,regular,web
U001268,2025-10-26,2,value,web
U001269,2025-07-14,2,regular,web
U001270,2025-08-19,2,regular,web
U001271,2025-11-10,2,premium,mobile
U001272,2025-09-15,3,regular,web
U001273,2025-09-19,2,value,mobile
U001274,2025-12-08,3,regular,mobile
U001275,2026-01-16,2,regular,web
U001276,2025-10-20,2,value,mobile
U001277,2025-07-10,2,regular,mobile
U001278,2025-07-15,2,value,mobile
U001279,2026-01-12,2,value,web
U001280,2025-11-13,2,regular,mobile
U001281,2025-11-28,1,value,mobile
U001282,2025-11-12,2,regular,web
U001283,2025-07-31,2,value,mobile
U001284,2025-09-25,2,regular,web
U001285,2025-12-08,3,value,mobile
U001286,2025-12-22,2,premium,mobile
U001287,2025-08-12,3,value,mobile
U001288,2025-10-26,3,regular,mobile
U001289,2025-07-26,3,value,mobile
U001290,2026-01-10,3,value,mobile
U001291,2025-08-15,1,regular,web
U001292,2025-11-23,2,regular,web
U001293,2025-08-10,1,premium,web
U001294,2025-10-30,3,value,web
U001295,2025-11-08,2,value,mobile
U001296,2025-08-31,2,regular,mobile
U001297,2025-12-12,3,regular,web
U001298,2025-12-26,1,value,web
U001299,2025-12-20,2,regular,mobile
U001300,2025-08-31,3,regular,web
U001301,2025-11-26,1,regular,mobile
U001302,2025-10-18,2,regular,mobile
U001303,2025-10-25,3,regular,web
U001304,2025-10-01,1,value,web
U001305,2025-10-27,2,regular,web
U001306,2025-07-21,2,value,web
U001307,2025-09-17,2,regular,web
U001308,2025-07-30,1,regular,web
U001309,2025-08-21,3,regular,web
U001310,2025-07-20,3,value,web
U001311,2025-08-07,1,value,web
U001312,2025-12-04,2,regular,mobile
U001313,2025-10-16,2,regular,web
U001314,2025-06-28,3,premium,mobile
U001315,2025-12-06,2,regular,web
U001316,2025-12-31,1,premium,web
U001317,2025-12-25,1,value,web
U001318,2025-12-13,3,regular,mobile
U001319,2026-01-17,2,value,web
U001320,2025-10-24,3,regular,web
U001321,2026-01-11,2,value,web
U001322,2026-01-08,3,value,mobile
U001323,2025-08-28,1,regular,web
U001324,2025-12-21,1,regular,web
U001325,2025-12-06,3,value,mobile
U001326,2025-12-03,3,value,web
U001327,2025-12-28,2,regular,web
U001328,2025-09-12,2,value,mobile
U001329,2025-09-15,2,value,web
U001330,2025-11-04,2,regular,web
U001331,2025-11-25,1,value,web
U001332,2025-12-25,3,regular,web
U001333,2025-12-24,2,regular,mobile
U001334,2025-11-21,3,value,mobile
U001335,2026-01-10,1,value,mobile
U001336,2025-07-30,1,value,web
U001337,2026-01-09,2,value,mobile
U001338,2025-07-06,2,value,mobile
U001339,2025-10-18,2,premium,web
U001340,2025-07-12,1,regular,mobile
U001341,2025-10-20,3,regular,mobile
U001342,2025-09-13,3,regular,mobile
U001343,2025-07-10,3,regular,web
U001344,2025-11-06,1,regular,web
U001345,2025-11-23,2,value,mobile
U001346,2025-07-30,2,value,mobile
U001347,2025-11-16,2,value,web
U001348,2025-07-31,2,value,web
U001349,2025-07-22,1,value,mobile
U001350,2025-07-24,2,premium,web
U001351,2025-10-27,2,premium,web
U001352,2025-12-03,2,value,mobile
U001353,2025-10-26,1,regular,web
U001354,2025-12-10,2,regular,web
U001355,2025-10-25,2,regular,web
U001356,2025-12-07,2,regular,mobile
U001357,2026-01-14,2,value,web
U001358,2025-09-13,2,regular,mobile
U001359,2025-07-24,3,premium,mobile
U001360,2025-07-21,2,regular,mobile
U001361,2025-10-26,2,regular,web
U001362,2025-10-16,3,regular,web
U001363,2025-08-01,2,value,web
U001364,2025-12-25,3,value,mobile
U001365,2026-01-10,3,regular,mobile
U001366,2025-08-15,1,value,mobile
U001367,2025-08-05,2,regular,web
U001368,2025-08-07,2,regular,web
U001369,2025-09-12,3,regular,mobile
U001370,2025-12-19,2,value,web
U001371,2025-10-26,1,premium,mobile
U001372,2025-07-07,2,value,web
U001373,2025-09-30,1,value,mobile
U001374,2025-07-12,3,value,mobile
U001375,2025-09-16,2,regular,web
U001376,2025-09-16,3,premium,web
U001377,2025-11-06,3,value,mobile
U001378,2025-10-16,2,premium,web
U001379,2025-12-24,2,value,web
U001380,2025-06-26,3,regular,web
U001381,2025-12-02,3,value,web
U001382,2025-06-28,3,regular,mobile
U001383,2025-08-26,1,regular,web
U001384,2025-12-25,2,regular,web
U001385,2025-11-15,1,value,mobile
U001386,2025-07-29,3,regular,web
U001387,2025-10-04,2,premium,web
U001388,2025-11-22,2,regular,mobile
U001389,2026-01-06,1,regular,mobile
U001390,2025-11-03,2,regular,mobile
U001391,2025-06-28,3,value,mobile
U001392,2025-10-06,1,premium,web
U001393,2025-07-25,1,value,web
U001394,2025-07-03,3,regular,mobile
U001395,2025-10-27,3,value,mobile
U001396,2025-12-03,1,value,mobile
U001397,2025-07-01,2,regular,web
U001398,2025-12-04,3,regular,web
U001399,2025-11-18,3,premium,web
U001400,2025-11-28,2,premium,mobile
U001401,2025-08-13,2,value,mobile
U001402,2025-09-14,2,value,web
U001403,2025-07-18,1,regular,web
U001404,2025-08-12,3,regular,web
U001405,2025-08-26,1,regular,web
U001406,2025-08-29,1,premium,mobile
U001407,2025-07-30,3,regular,mobile
U001408,2025-08-02,3,value,web
U001409,2025-12-29,3,regular,mobile
U001410,2025-12-05,2,regular,mobile
U001411,2025-09-03,2,regular,web
U001412,2026-01-08,2,value,web
U001413,2025-08-12,2,regular,web
U001414,2025-09-16,2,regular,web
U001415,2025-12-11,2,value,web
U001416,2025-09-24,2,regular,mobile
U001417,2025-08-11,3,value,web
U001418,2025-09-08,3,regular,web
U001419,2025-10-06,1,regular,mobile
U001420,2025-10-31,2,premium,web
U001421,2025-09-16,1,value,mobile
U001422,2025-09-22,2,value,mobile
U001423,2025-08-17,2,value,mobile
U001424,2025-10-13,1,regular,mobile
U001425,2025-08-08,3,value,mobile
U001426,2025-12-22,2,regular,mobile
U001427,2025-11-27,3,value,web
U001428,2025-09-17,1,value,web
U001429,2025-11-27,1,regular,web
U001430,2025-06-24,2,regular,web
U001431,2025-09-03,1,premium,web
U001432,2025-09-23,2,regular,web
U001433,2025-09-30,3,regular,web
U001434,2025-11-27,1,regular,web
U001435,2026-01-11,1,regular,web
U001436,2025-09-11,2,value,mobile
U001437,2025-09-05,2,regular,mobile
U001438,2025-10-29,2,regular,mobile
U001439,2025-08-21,2,value,web
U001440,2025-07-23,3,regular,mobile
U001441,2026-01-11,1,regular,mobile
U001442,2025-12-10,2,regular,web
U001443,2026-01-10,2,value,mobile
U001444,2025-08-08,3,regular,web
U001445,2025-06-27,2,premium,mobile
U001446,2025-09-23,2,value,mobile
U001447,2026-01-05,1,regular,web
U001448,2025-07-22,1,value,mobile
U001449,2025-07-18,1,value,web
U001450,2025-07-07,3,premium,web
U001451,2025-12-01,2,regular,web
U001452,2025-12-05,3,regular,web
U001453,2025-11-16,1,value,web
U001454,2025-07-04,3,premium,mobile
U001455,2025-11-22,3,value,web
U001456,2025-09-25,1,regular,web
U001457,2025-07-26,1,value,mobile
U001458,2025-08-24,1,value,web
U001459,2025-10-06,3,regular,web
U001460,2025-08-31,1,value,mobile
U001461,2026-01-13,2,regular,mobile
U001462,2025-10-01,2,value,web
U001463,2025-09-09,3,regular,web
U001464,2025-11-11,2,regular,mobile
U001465,2025-11-07,2,regular,mobile
U001466,2025-06-23,3,value,web
U001467,2025-10-31,1,regular,web
U001468,2025-08-13,3,premium,web
U001469,2025-09-10,1,value,mobile
U001470,2025-11-18,2,value,mobile
U001471,2025-10-18,3,regular,mobile
U001472,2025-09-08,2,value,web
U001473,2025-07-28,2,regular,mobile
U001474,2025-10-07,2,regular,mobile
U001475,2025-08-29,2,value,web
U001476,2026-01-01,2,regular,mobile
U001477,2025-10-13,2,regular,web
U001478,2025-12-22,2,value,web
U001479,2025-09-13,2,premium,mobile
U001480,2025-12-14,2,value,web
U001481,2025-07-05,2,regular,mobile
U001482,2025-08-25,2,regular,web
U001483,2025-07-09,1,value,web
U001484,2025-06-30,3,regular,web
U001485,2026-01-02,2,value,web
U001486,2025-11-20,1,regular,web
U001487,2025-11-01,2,value,mobile
U001488,2025-10-13,3,regular,web
U001489,2025-10-21,1,regular,web
U001490,2025-11-04,1,regular,mobile
U001491,2025-12-14,1,premium,web
U001492,2025-10-26,1,regular,mobile
U001493,2025-11-27,3,regular,web
U001494,2025-08-21,3,regular,web
U001495,2026-01-14,1,premium,mobile
U001496,2025-06-30,3,regular,mobile
U001497,2025-09-12,1,premium,mobile
U001498,2025-12-25,2,value,web
U001499,2025-07-31,3,regular,web
U001500,2025-07-23,2,regular,mobile
U001501,2025-09-08,1,value,mobile
U001502,2025-09-21,2,value,mobile
U001503,2026-01-05,3,premium,mobile
U001504,2025-12-16,2,regular,mobile
U001505,2025-09-28,1,value,web
U001506,2026-01-13,1,value,mobile
U001507,2025-11-05,2,regular,web
U001508,2025-12-23,2,regular,web
U001509,2025-08-14,3,premium,mobile
U001510,2025-10-04,3,premium,web
U001511,2025-06-29,3,regular,web
U001512,2025-06-25,3,regular,mobile
U001513,2025-11-18,1,value,mobile
U001514,2025-07-18,2,premium,web
U001515,2025-10-16,2,value,mobile
U001516,2025-11-16,2,value,web
U001517,2025-06-30,3,premium,mobile
U001518,2025-09-25,2,premium,web
U001519,2025-11-14,3,value,web
U001520,2025-12-27,2,regular,web
U001521,2025-08-25,2,regular,web
U001522,2026-01-14,2,value,web
U001523,2025-12-17,1,value,web
U001524,2025-11-07,1,value,mobile
U001525,2025-09-13,2,regular,web
U001526,2025-11-19,1,regular,web
U001527,2025-12-11,3,regular,mobile
U001528,2025-08-26,1,value,mobile
U001529,2026-01-17,1,premium,mobile
U001530,2025-12-31,3,regular,web
U001531,2025-10-03,1,premium,web
U001532,2025-11-22,3,value,mobile
U001533,2025-10-11,3,regular,mobile
U001534,2025-11-30,1,regular,web
U001535,2025-12-14,2,value,mobile
U001536,2025-06-28,2,value,mobile
U001537,2025-07-10,3,value,mobile
U001538,2025-09-02,3,value,web
U001539,2026-01-02,3,regular,mobile
U001540,2025-09-15,2,value,web
U001541,2025-12-26,2,value,mobile
U001542,2025-09-28,2,regular,web
U001543,2025-08-23,3,value,web
U001544,2025-12-29,2,value,web
U001545,2025-10-19,2,regular,mobile
U001546,2025-09-07,2,value,mobile
U001547,2025-07-02,3,value,mobile
U001548,2025-07-16,3,value,mobile
U001549,2025-07-22,1,value,mobile
U001550,2025-09-08,1,regular,mobile
U001551,2025-10-28,2,value,web
U001552,2025-08-27,2,value,mobile
U001553,2025-07-07,2,premium,web
U001554,2025-08-18,1,premium,web
U001555,2025-09-17,2,value,web
U001556,2026-01-17,2,value,web
U001557,2025-09-13,2,regular,mobile
U001558,2025-07-12,2,regular,mobile
U001559,2025-10-23,3,regular,web
U001560,2026-01-02,2,value,mobile
U001561,2025-12-05,3,value,web
U001562,2025-12-16,2,regular,web
U001563,2026-01-04,2,premium,web
U001564,2025-11-04,2,premium,web
U001565,2026-01-18,1,value,web
U001566,2025-06-30,2,regular,web
U001567,2025-12-15,2,value,web
U001568,2025-12-20,3,regular,web
U001569,2026-01-01,2,premium,mobile
U001570,2025-10-01,1,regular,web
U001571,2025-12-05,2,value,web
U001572,2025-08-03,1,regular,web
U001573,2025-10-28,3,regular,web
U001574,2025-09-06,3,regular,web
U001575,2025-10-26,2,value,web
U001576,2025-11-12,2,premium,mobile
U001577,2025-09-04,2,value,mobile
U001578,2025-08-07,2,value,mobile
U001579,2025-08-29,3,value,mobile
U001580,2025-11-09,3,value,web
U001581,2025-11-12,2,value,web
U001582,2025-11-26,2,regular,web
U001583,2025-07-20,1,value,web
U001584,2025-12-12,1,value,web
U001585,2025-11-14,1,value,web
U001586,2025-06-29,2,value,mobile
U001587,2025-09-01,3,premium,web
U001588,2025-09-29,2,premium,web
U001589,2025-09-07,1,value,mobile
U001590,2025-07-18,1,regular,web
U001591,2025-08-05,2,regular,mobile
U001592,2025-06-28,3,premium,mobile
U001593,2025-07-12,2,value,mobile
U001594,2025-08-18,3,value,web
U001595,2025-12-12,3,regular,web
U001596,2025-10-12,1,premium,mobile
U001597,2025-09-20,2,regular,mobile
U001598,2025-11-09,3,regular,mobile
U001599,2025-10-15,2,value,web
U001600,2025-07-21,1,regular,web
U001601,2025-08-09,3,premium,web
U001602,2025-08-09,3,regular,web
U001603,2025-10-27,2,regular,web
U001604,2025-09-28,2,regular,mobile
U001605,2025-09-12,1,regular,web
U001606,2025-10-18,3,regular,mobile
U001607,2026-01-13,2,regular,mobile
U001608,2025-08-28,1,premium,web
U001609,2025-10-10,2,regular,web
U001610,2025-10-02,3,value,mobile
U001611,2025-11-20,3,regular,web
U001612,2025-11-23,2,value,web
U001613,2025-11-23,1,value,mobile
U001614,2025-08-04,3,value,mobile
U001615,2025-09-25,3,regular,mobile
U001616,2025-12-10,2,value,mobile
U001617,2025-09-11,2,value,web
U001618,2026-01-16,2,regular,mobile
U001619,2025-09-08,2,value,mobile
U001620,2025-10-05,1,regular,mobile
U001621,2025-10-01,1,premium,mobile
U001622,2025-09-22,1,regular,mobile
U001623,2025-12-18,3,value,mobile
U001624,2025-07-26,1,value,web
U001625,2025-10-20,1,regular,mobile
U001626,2025-10-31,2,regular,web
U001627,2025-12-19,1,value,mobile
U001628,2025-10-29,1,regular,mobile
U001629,2026-01-11,2,regular,mobile
U001630,2025-12-23,2,value,web
U001631,2025-09-04,2,regular,web
U001632,2025-12-21,3,value,web
U001633,2026-01-10,1,value,web
U001634,2025-08-16,3,regular,web
U001635,2025-10-29,3,value,mobile
U001636,2025-08-21,3,regular,web
U001637,2025-11-06,2,regular,mobile
U001638,2025-07-13,2,value,web
U001639,2025-11-24,2,premium,mobile
U001640,2025-09-19,2,value,mobile
U001641,2025-10-24,1,value,mobile
U001642,2025-06-28,3,premium,mobile
U001643,2025-11-16,2,regular,mobile
U001644,2025-10-05,3,regular,mobile
U001645,2025-11-01,2,value,mobile
U001646,2025-08-28,1,value,web
U001647,2025-07-24,2,regular,web
U001648,2025-09-22,2,value,mobile
U001649,2026-01-07,2,value,web
U001650,2025-08-10,2,regular,web
U001651,2025-11-12,1,value,mobile
U001652,2025-07-03,2,value,web
U001653,2025-11-21,2,value,mobile
U001654,2025-08-12,3,regular,mobile
U001655,2025-09-26,1,regular,mobile
U001656,2025-09-08,2,premium,mobile
U001657,2025-07-17,2,value,mobile
U001658,2025-09-04,2,value,mobile
U001659,2025-09-04,2,regular,mobile
U001660,2025-10-11,2,regular,web
U001661,2026-01-13,3,regular,mobile
U001662,2025-09-30,2,premium,mobile
U001663,2026-01-01,2,regular,web
U001664,2025-09-28,1,regular,web
U001665,2025-07-16,2,premium,mobile
U001666,2025-08-10,2,value,web
U001667,2025-09-17,1,premium,mobile
U001668,2025-08-30,2,regular,web
U001669,2025-12-22,2,regular,web
U001670,2025-11-12,3,premium,mobile
U001671,2025-10-22,2,regular,web
U001672,2025-10-04,2,regular,web
U001673,2025-09-14,2,value,mobile
U001674,2025-10-30,1,regular,web
U001675,2025-07-19,1,regular,web
U001676,2025-07-27,2,value,mobile
U001677,2025-08-26,3,regular,mobile
U001678,2025-07-29,1,regular,mobile
U001679,2025-11-12,2,regular,web
U001680,2025-06-28,3,value,web
U001681,2025-07-27,3,regular,mobile
U001682,2025-12-29,2,value,mobile
U001683,2026-01-18,2,value,web
U001684,2025-10-03,2,regular,mobile
U001685,2025-10-05,3,value,web
U001686,2025-12-02,1,value,mobile
U001687,2025-07-01,3,regular,mobile
U001688,2025-09-21,1,value,mobile
U001689,2025-07-14,3,premium,mobile
U001690,2025-09-15,1,premium,web
U001691,2026-01-16,1,regular,mobile
U001692,2025-11-28,1,premium,web
U001693,2026-01-16,2,premium,mobile
U001694,2025-11-27,2,value,mobile
U001695,2025-10-29,1,regular,web
U001696,2025-11-28,2,value,web
U001697,2025-11-08,2,regular,web
U001698,2025-09-28,3,regular,web
U001699,2025-08-23,3,value,web
U001700,2025-10-10,2,value,mobile
U001701,2025-08-16,1,premium,web
U001702,2025-10-03,2,value,mobile
U001703,2025-07-24,3,value,mobile
U001704,2025-10-20,1,value,mobile
U001705,2025-08-13,2,regular,web
U001706,2025-08-24,3,regular,mobile
U001707,2025-10-06,3,regular,mobile
U001708,2025-07-27,2,regular,mobile
U001709,2026-01-11,2,value,mobile
U001710,2025-09-25,2,value,mobile
U001711,2025-09-05,3,regular,web
U001712,2025-06-29,1,regular,mobile
U001713,2025-12-17,1,regular,web
U001714,2025-11-01,2,regular,mobile
U001715,2025-09-18,1,regular,web
U001716,2025-08-14,2,regular,web
U001717,2025-11-26,2,regular,web
U001718,2026-01-07,3,regular,web
U001719,2025-09-11,3,regular,mobile
U001720,2025-07-21,2,regular,web
U001721,2025-07-16,3,premium,mobile
U001722,2025-06-24,2,regular,web
U001723,2025-11-26,2,value,mobile
U001724,2026-01-15,1,value,web
U001725,2026-01-17,3,regular,web
U001726,2025-12-05,3,regular,web
U001727,2025-07-27,3,regular,mobile
U001728,2026-01-14,3,regular,mobile
U001729,2025-08-31,3,value,mobile
U001730,2025-09-01,1,regular,web
U001731,2025-11-14,3,regular,web
U001732,2025-07-03,2,regular,web
U001733,2025-12-13,2,regular,web
U001734,2026-01-18,2,value,mobile
U001735,2025-12-03,2,regular,web
U001736,2025-12-04,2,regular,mobile
U001737,2025-09-13,1,premium,mobile
U001738,2025-07-07,1,regular,web
U001739,2025-12-06,2,value,web
U001740,2025-10-26,3,regular,web
U001741,2025-12-31,2,regular,web
U001742,2025-07-17,2,value,web
U001743,2025-08-26,2,regular,mobile
U001744,2025-09-07,2,value,web
U001745,2025-11-13,1,value,mobile
U001746,2025-12-05,3,value,mobile
U001747,2026-01-11,1,value,mobile
U001748,2025-08-24,3,premium,mobile
U001749,2025-10-05,3,regular,web
U001750,2025-06-29,2,value,web
U001751,2025-08-15,3,regular,web
U001752,2025-09-09,2,regular,mobile
U001753,2025-10-26,3,value,mobile
U001754,2025-09-30,3,value,web
U001755,2025-09-07,3,regular,web
U001756,2025-11-01,2,value,web
U001757,2025-12-14,3,regular,web
U001758,2025-08-13,3,value,mobile
U001759,2025-09-03,2,regular,web
U001760,2025-11-18,3,regular,web
U001761,2025-12-03,3,value,web
U001762,2025-12-13,2,value,web
U001763,2025-08-06,3,premium,web
U001764,2025-10-14,2,regular,mobile
U001765,2025-12-29,2,regular,web
U001766,2025-09-13,1,value,mobile
U001767,2025-09-21,1,value,web
U001768,2026-01-16,3,regular,web
U001769,2025-07-17,2,premium,web
U001770,2025-11-18,2,value,web
U001771,2025-12-18,1,regular,web
U001772,2025-07-25,2,regular,web
U001773,2025-11-20,3,value,mobile
U001774,2025-09-30,3,value,mobile
U001775,2025-12-19,1,value,mobile
U001776,2025-12-31,2,regular,web
U001777,2025-12-23,2,regular,mobile
U001778,2025-07-06,2,regular,mobile
U001779,2025-11-29,2,value,web
U001780,2026-01-02,2,regular,web
U001781,2025-10-31,2,regular,web
U001782,2025-10-27,2,regular,mobile
U001783,2025-07-02,2,regular,web
U001784,2025-12-20,2,value,web
U001785,2025-07-03,3,regular,mobile
U001786,2025-08-28,3,regular,web
U001787,2026-01-03,2,regular,mobile
U001788,2026-01-08,3,value,mobile
U001789,2026-01-17,3,regular,mobile
U001790,2025-10-01,1,regular,mobile
U001791,2025-07-30,2,value,web
U001792,2025-10-03,2,premium,mobile
U001793,2025-07-14,3,regular,mobile
U001794,2025-12-23,1,value,mobile
U001795,2025-10-19,2,regular,web
U001796,2025-09-16,2,regular,web
U001797,2025-07-10,2,premium,web
U001798,2025-09-16,3,value,web
U001799,2025-12-22,2,value,mobile
U001800,2025-11-18,3,regular,mobile
U001801,2025-07-10,3,value,mobile
U001802,2025-07-27,3,regular,mobile
U001803,2025-09-13,1,regular,web
U001804,2025-07-14,3,value,web
U001805,2026-01-05,1,regular,web
U001806,2025-11-07,2,premium,web
U001807,2025-07-13,3,regular,web
U001808,2025-12-05,2,regular,web
U001809,2025-09-08,2,value,web
U001810,2025-08-13,2,value,mobile
U001811,2025-10-21,3,premium,web
U001812,2025-06-26,3,regular,web
U001813,2025-09-29,2,regular,web
U001814,2025-12-17,3,premium,mobile
U001815,2026-01-04,1,value,mobile
U001816,2025-09-03,1,regular,web
U001817,2025-11-05,2,value,web
U001818,2025-08-10,3,value,mobile
U001819,2025-10-19,1,regular,mobile
U001820,2025-08-15,1,regular,mobile
U001821,2025-10-21,1,premium,web
U001822,2025-07-29,3,value,mobile
U001823,2026-01-07,1,regular,mobile
U001824,2025-12-26,2,regular,web
U001825,2025-09-02,3,regular,mobile
U001826,2025-12-03,1,premium,web
U001827,2025-07-13,2,regular,mobile
U001828,2025-11-25,2,regular,web
U001829,2025-08-21,3,value,web
U001830,2025-07-21,2,value,mobile
U001831,2025-11-12,2,premium,mobile
U001832,2025-09-30,1,regular,web
U001833,2025-10-12,3,value,mobile
U001834,2025-10-10,3,value,web
U001835,2025-07-05,1,regular,web
U001836,2025-07-04,2,regular,mobile
U001837,2025-10-27,3,value,web
U001838,2025-11-01,1,regular,web
U001839,2025-07-03,2,regular,mobile
U001840,2025-09-10,2,regular,web
U001841,2025-10-30,2,value,web
U001842,2025-11-08,2,regular,web
U001843,2025-12-14,2,value,mobile
U001844,2025-09-19,1,regular,web
U001845,2025-10-16,2,regular,web
U001846,2025-10-22,3,regular,mobile
U001847,2025-08-27,2,value,web
U001848,2025-07-04,1,premium,web
U001849,2025-06-24,3,value,mobile
U001850,2025-12-16,1,regular,mobile
U001851,2025-08-04,3,premium,web
U001852,2025-11-02,2,regular,mobile
U001853,2025-10-22,3,regular,mobile
U001854,2025-09-15,1,regular,web
U001855,2025-12-15,1,regular,mobile
U001856,2025-11-17,2,regular,mobile
U001857,2025-06-28,1,regular,mobile
U001858,2025-12-03,1,value,mobile
U001859,2025-10-07,3,regular,mobile
U001860,2025-09-04,3,value,mobile
U001861,2025-11-23,1,premium,mobile
U001862,2025-11-14,3,value,mobile
U001863,2025-08-27,3,value,mobile
U001864,2026-01-15,3,premium,mobile
U001865,2025-11-06,2,value,mobile
U001866,2025-10-28,2,regular,web
U001867,2025-07-08,2,regular,web
U001868,2025-08-21,2,value,mobile
U001869,2025-09-25,3,value,web
U001870,2025-11-02,1,regular,mobile
U001871,2025-10-09,2,value,mobile
U001872,2025-11-30,1,value,mobile
U001873,2025-08-17,3,value,web
U001874,2025-11-17,2,regular,mobile
U001875,2025-12-11,2,value,web
U001876,2025-12-01,3,value,web
U001877,2025-12-02,3,regular,web
U001878,2025-12-27,1,regular,web
U001879,2025-07-11,3,value,web
U001880,2025-11-16,3,value,mobile
U001881,2026-01-12,1,premium,mobile
U001882,2025-10-21,3,regular,web
U001883,2025-08-08,2,regular,web
U001884,2026-01-19,2,regular,web
U001885,2025-07-30,2,value,mobile
U001886,2025-09-01,2,regular,mobile
U001887,2025-07-29,1,premium,web
U001888,2025-09-28,1,premium,web
U001889,2025-09-19,1,value,web
U001890,2025-10-04,2,value,mobile
U001891,2026-01-04,2,value,web
U001892,2025-10-01,1,value,web
U001893,2025-10-09,2,value,web
U001894,2025-12-26,2,regular,web
U001895,2025-12-12,2,value,web
U001896,2025-08-12,3,premium,web
U001897,2025-06-26,2,value,mobile
U001898,2025-11-02,3,value,web
U001899,2025-12-17,1,premium,web
U001900,2025-10-17,3,regular,mobile
U001901,2025-08-06,3,regular,web
U001902,2025-11-26,3,regular,mobile
U001903,2025-11-11,2,value,mobile
U001904,2025-10-20,2,value,web
U001905,2025-12-21,2,regular,mobile
U001906,2025-12-05,2,regular,mobile
U001907,2025-11-10,3,regular,mobile
U001908,2025-11-10,3,value,web
U001909,2025-11-09,2,regular,web
U001910,2025-10-11,1,regular,web
U001911,2025-09-28,2,value,mobile
U001912,2025-11-19,1,value,mobile
U001913,2025-10-29,1,regular,web
U001914,2025-10-04,2,regular,web
U001915,2025-07-20,3,regular,web
U001916,2025-11-17,1,regular,web
U001917,2025-11-06,1,regular,mobile
U001918,2025-09-03,1,value,web
U001919,2025-09-06,3,regular,mobile
U001920,2025-08-14,2,value,mobile
U001921,2026-01-11,1,regular,mobile
U001922,2025-12-21,1,value,mobile
U001923,2025-10-19,2,value,web
U001924,2025-09-15,2,regular,mobile
U001925,2025-11-25,2,regular,mobile
U001926,2025-10-12,2,regular,web
U001927,2026-01-14,3,regular,web
U001928,2025-07-05,2,premium,web
U001929,2025-06-30,2,regular,web
U001930,2025-10-20,1,premium,web
U001931,2025-08-05,3,regular,web
U001932,2025-10-28,3,regular,mobile
U001933,2025-12-04,3,regular,web
U001934,2025-07-22,2,regular,web
U001935,2025-09-23,1,value,web
U001936,2025-11-15,3,regular,web
U001937,2025-12-15,3,value,mobile
U001938,2025-10-05,1,value,web
U001939,2025-08-05,2,premium,web
U001940,2025-10-24,2,value,web
U001941,2025-09-26,3,regular,web
U001942,2025-12-02,2,regular,mobile
U001943,2025-10-18,2,value,mobile
U001944,2025-08-21,2,premium,web
U001945,2025-11-28,2,value,mobile
U001946,2025-10-10,2,premium,web
U001947,2025-07-30,1,regular,mobile
U001948,2025-10-19,3,value,mobile
U001949,2026-01-08,2,value,web
U001950,2025-11-18,2,value,mobile
U001951,2025-08-25,1,regular,mobile
U001952,2025-11-19,1,value,web
U001953,2025-08-21,2,premium,mobile
U001954,2025-10-15,1,value,mobile
U001955,2025-10-12,1,regular,web
U001956,2025-08-14,3,value,mobile
U001957,2025-09-04,2,premium,mobile
U001958,2026-01-07,2,value,web
U001959,2025-08-15,2,regular,web
U001960,2025-12-08,3,regular,mobile
U001961,2025-11-10,2,value,mobile
U001962,2025-10-13,3,regular,web
U001963,2025-07-22,3,value,web
U001964,2025-08-05,2,regular,web
U001965,2025-07-31,2,regular,mobile
U001966,2025-10-24,3,regular,mobile
U001967,2026-01-13,2,value,web
U001968,2025-12-24,2,value,mobile
U001969,2025-06-28,2,value,mobile
U001970,2025-08-19,2,value,web
U001971,2025-07-26,1,value,web
U001972,2026-01-14,2,premium,mobile
U001973,2025-08-11,1,regular,web
U001974,2025-08-04,2,regular,web
U001975,2025-10-31,2,regular,mobile
U001976,2025-10-18,3,value,mobile
U001977,2025-08-09,1,regular,web
U001978,2025-11-11,2,value,mobile
U001979,2025-07-13,2,value,mobile
U001980,2025-06-27,1,regular,web
U001981,2025-07-10,1,regular,web
U001982,2025-09-08,1,premium,mobile
U001983,2026-01-14,1,value,mobile
U001984,2025-10-16,2,regular,web
U001985,2025-11-28,2,value,mobile
U001986,2025-08-29,2,value,mobile
U001987,2025-11-21,1,regular,mobile
U001988,2026-01-12,1,value,mobile
U001989,2025-09-06,1,regular,web
U001990,2026-01-19,2,regular,web
U001991,2025-11-04,2,value,web
U001992,2025-11-27,2,premium,mobile
U001993,2025-08-15,1,regular,mobile
U001994,2025-11-05,1,regular,mobile
U001995,2025-10-08,3,regular,web
U001996,2026-01-10,1,premium,mobile
U001997,2025-12-30,1,value,web
U001998,2025-09-14,1,regular,web
U001999,2026-01-08,3,regular,web
U002000,2025-12-26,2,value,mobile
U002001,2025-10-25,2,regular,web
U002002,2025-07-10,3,premium,mobile
U002003,2025-07-27,1,regular,mobile
U002004,2025-07-09,3,regular,mobile
U002005,2025-07-16,1,regular,web
U002006,2026-01-14,2,regular,mobile
U002007,2025-08-06,2,premium,mobile
U002008,2025-11-15,2,regular,web
U002009,2025-11-04,3,value,mobile
U002010,2025-11-02,1,value,mobile
U002011,2025-08-05,3,regular,web
U002012,2025-10-23,2,regular,web
U002013,2025-11-01,2,regular,web
U002014,2025-10-21,3,value,web
U002015,2025-08-01,1,value,mobile
U002016,2025-11-22,3,regular,web
U002017,2025-07-08,2,regular,web
U002018,2025-10-25,3,value,web
U002019,2025-09-23,1,regular,web
U002020,2025-08-15,2,regular,web
U002021,2025-12-09,2,premium,mobile
U002022,2025-07-30,2,value,web
U002023,2026-01-05,1,premium,web
U002024,2025-12-26,1,regular,mobile
U002025,2025-09-07,3,regular,mobile
U002026,2025-08-26,1,value,web
U002027,2025-07-22,3,regular,web
U002028,2026-01-01,3,regular,web
U002029,2025-11-02,1,value,web
U002030,2025-06-30,1,regular,web
U002031,2025-10-08,2,regular,mobile
U002032,2025-07-11,1,regular,mobile
U002033,2025-10-21,2,value,web
U002034,2025-10-08,2,regular,mobile
U002035,2025-07-10,2,value,web
U002036,2025-12-11,2,premium,web
U002037,2025-08-17,2,premium,web
U002038,2025-10-15,2,value,web
U002039,2025-11-04,1,value,mobile
U002040,2026-01-11,2,value,web
U002041,2025-10-05,3,regular,mobile
U002042,2026-01-02,2,premium,web
U002043,2025-09-05,2,regular,mobile
U002044,2025-12-20,2,value,mobile
U002045,2025-08-11,1,value,web
U002046,2025-11-19,1,value,web
U002047,2025-07-12,1,regular,mobile
U002048,2026-01-16,3,regular,web
U002049,2026-01-09,1,regular,web
U002050,2025-09-24,3,value,mobile
U002051,2025-10-11,1,premium,web
U002052,2025-10-26,2,value,web
U002053,2025-08-20,2,regular,web
U002054,2025-11-12,2,premium,web
U002055,2025-11-17,3,regular,web
U002056,2025-10-11,3,premium,web
U002057,2025-07-24,3,value,web
U002058,2026-01-02,1,regular,web
U002059,2025-07-17,3,value,web
U002060,2025-11-02,1,regular,mobile
U002061,2025-07-15,3,value,mobile
U002062,2025-07-24,2,value,web
U002063,2025-06-27,2,value,web
U002064,2025-09-07,1,value,mobile
U002065,2025-11-04,1,regular,web
U002066,2025-10-10,1,regular,web
U002067,2025-11-12,3,value,mobile
U002068,2025-11-12,3,premium,web
U002069,2025-07-22,3,premium,mobile
U002070,2025-07-05,1,value,mobile
U002071,2025-11-01,2,regular,mobile
U002072,2025-11-07,2,regular,web
U002073,2025-10-18,2,regular,web
U002074,2025-08-14,2,regular,web
U002075,2025-12-10,2,regular,mobile
U002076,2025-07-09,2,value,mobile
U002077,2025-11-03,1,value,mobile
U002078,2025-07-18,2,regular,web
U002079,2025-11-07,2,regular,mobile
U002080,2025-09-19,1,regular,web
U002081,2025-11-21,3,value,mobile
U002082,2025-07-04,2,value,web
U002083,2025-10-18,3,value,web
U002084,2025-07-23,2,value,web
U002085,2025-11-13,3,value,mobile
U002086,2025-07-18,3,regular,web
U002087,2025-07-08,3,regular,web
U002088,2025-11-20,2,regular,web
U002089,2025-07-06,2,regular,web
U002090,2025-08-09,1,value,mobile
U002091,2025-12-13,2,regular,web
U002092,2025-12-10,1,value,web
U002093,2025-12-19,1,premium,mobile
U002094,2025-08-30,1,value,web
U002095,2025-10-12,2,regular,web
U002096,2025-12-02,1,premium,web
U002097,2025-07-22,2,regular,web
U002098,2025-11-22,3,regular,web
U002099,2025-07-13,3,regular,web
U002100,2026-01-01,2,value,web
U002101,2025-11-04,2,regular,mobile
U002102,2025-10-05,2,premium,mobile
U002103,2025-10-03,2,premium,mobile
U002104,2025-07-31,2,regular,web
U002105,2025-09-04,1,value,web
U002106,2025-11-23,3,regular,mobile
U002107,2025-10-15,1,regular,mobile
U002108,2025-10-12,3,value,web
U002109,2025-08-03,2,value,web
U002110,2025-11-15,1,value,web
U002111,2025-09-13,3,regular,web
U002112,2025-07-31,1,value,web
U002113,2026-01-07,3,value,web
U002114,2025-10-07,2,value,mobile
U002115,2025-10-12,1,premium,mobile
U002116,2026-01-15,1,value,mobile
U002117,2025-09-08,3,value,web
U002118,2026-01-07,2,regular,mobile
U002119,2025-11-16,3,value,mobile
U002120,2025-11-03,3,premium,web
U002121,2025-08-11,2,premium,mobile
U002122,2025-07-04,2,regular,mobile
U002123,2025-09-23,3,regular,mobile
U002124,2025-06-25,3,regular,web
U002125,2025-07-08,1,value,mobile
U002126,2025-10-26,2,value,web
U002127,2025-11-22,1,value,web
U002128,2025-07-28,2,value,web
U002129,2025-11-24,3,regular,web
U002130,2026-01-08,2,value,web
U002131,2025-11-26,2,value,web
U002132,2025-12-05,2,regular,mobile
U002133,2025-11-17,1,regular,web
U002134,2025-08-09,2,value,mobile
U002135,2025-09-07,3,value,web
U002136,2026-01-08,2,value,mobile
U002137,2025-11-09,2,value,mobile
U002138,2025-12-06,3,regular,mobile
U002139,2026-01-12,1,premium,mobile
U002140,2025-08-11,2,regular,mobile
U002141,2025-08-29,1,regular,web
U002142,2025-11-05,3,regular,web
U002143,2025-06-28,3,regular,web
U002144,2025-10-21,2,value,web
U002145,2025-12-10,1,value,web
U002146,2025-10-29,1,regular,web
U002147,2025-08-24,2,regular,mobile
U002148,2025-11-22,2,value,mobile
U002149,2025-07-24,3,value,mobile
U002150,2025-12-28,3,value,mobile
U002151,2025-07-14,2,value,web
U002152,2025-12-21,3,regular,web
U002153,2025-10-05,3,regular,mobile
U002154,2025-09-21,2,regular,mobile
U002155,2025-10-06,2,value,web
U002156,2025-08-04,3,value,web
U002157,2025-09-27,1,regular,web
U002158,2025-12-18,3,regular,web
U002159,2025-12-08,1,value,web
U002160,2025-07-27,2,value,web
U002161,2025-11-11,3,regular,mobile
U002162,2025-12-20,2,regular,mobile
U002163,2025-12-12,2,premium,web
U002164,2025-09-20,2,regular,mobile
U002165,2025-07-03,1,regular,mobile
U002166,2026-01-04,1,regular,web
U002167,2025-09-14,2,value,mobile
U002168,2025-09-07,2,regular,web
U002169,2025-11-29,2,regular,mobile
U002170,2025-08-17,1,value,web
U002171,2025-12-15,3,premium,mobile
U002172,2025-07-09,2,regular,mobile
U002173,2025-11-25,2,value,web
U002174,2026-01-12,2,value,web
U002175,2026-01-18,1,premium,web
U002176,2026-01-03,3,premium,mobile
U002177,2025-12-23,2,regular,mobile
U002178,2025-08-21,1,premium,web
U002179,2026-01-12,3,premium,mobile
U002180,2026-01-04,3,regular,web
U002181,2025-10-13,3,premium,web
U002182,2025-09-15,3,regular,web
U002183,2025-07-16,3,regular,web
U002184,2025-10-25,2,regular,web
U002185,2025-11-17,2,regular,web
U002186,2025-09-16,2,value,web
U002187,2025-09-16,2,regular,mobile
U002188,2025-10-21,1,premium,web
U002189,2025-06-29,1,value,mobile
U002190,2026-01-10,2,premium,mobile
U002191,2025-08-23,3,regular,mobile
U002192,2025-07-23,3,value,web
U002193,2025-06-24,2,value,mobile
U002194,2025-12-20,1,regular,web
U002195,2025-12-21,2,regular,web
U002196,2025-07-13,2,value,web
U002197,2025-07-25,3,regular,web
U002198,2025-09-25,3,value,mobile
U002199,2025-08-01,3,regular,mobile
U002200,2025-11-24,3,premium,mobile
